{
  "ranges": [
    "0-100",
    "101-200",
    "201-300",
    "301+"
  ],
  "accuracies": [
    86.05697151424287,
    79.344998214559,
    68.98766700924975,
    56.79330328396651
  ],
  "counts": [
    667,
    19603,
    7784,
    1553
  ],
  "overall_accuracy": 75.59023203972033
}