{
  "ranges": [
    "0-100",
    "101-200",
    "201-300",
    "301+"
  ],
  "accuracies": [
    86.44314868804665,
    80.1419610432486,
    69.4979595710354,
    57.15635333018422
  ],
  "counts": [
    686,
    24232,
    10537,
    2117
  ],
  "overall_accuracy": 75.97679122750985
}